"Member","Joint","Result Case","Force X (kips)","Force Y (kips)","Force Z (kips)","Moment X (kips-ft)","Moment Y (kips-ft)","Moment Z (kips-ft)"
"10000","1000","DC-SRV","-1.4210854715202E-14","0","-2.89768209427166E-14","0","-8.82301176563516E-13","0"
"10000","1000","DC-SRV","-1.4210854715202E-14","0","-2.89768209427166E-14","0","-8.82301176563516E-13","0"
"10000","1001","DC-SRV","1.4210854715202E-14","0","1.01880002021792","0","0.254700005054474","0"
"10000","1001","DC-SRV","1.4210854715202E-14","0","1.01880002021792","0","0.254700005054474","0"
"10001","1001","DC-SRV","-4.76063632959267E-13","0","-1.01880002021792","0","-0.254700005054588","0"
"10001","1001","DC-SRV","-4.76063632959267E-13","0","-1.01880002021792","0","-0.254700005054588","0"
"10001","1002","DC-SRV","4.76063632959267E-13","0","2.03760004043582","0","1.0188000202171","0"
"10001","1002","DC-SRV","4.76063632959267E-13","0","2.03760004043582","0","1.0188000202171","0"
"10002","1002","DC-SRV","-2.8421709430404E-14","0","-2.03760004043589","0","-1.01880002021881","0"
"10002","1002","DC-SRV","-2.8421709430404E-14","0","-2.03760004043589","0","-1.01880002021881","0"
"10002","1003","DC-SRV","2.8421709430404E-14","0","3.05640006065379","0","2.29229998588562","0"
"10002","1003","DC-SRV","2.8421709430404E-14","0","3.05640006065379","0","2.29229998588562","0"
"10003","1003","DC-SRV","-4.54747350886464E-13","0","-3.05640006065319","0","-2.29229998588664","0"
"10003","1003","DC-SRV","-4.54747350886464E-13","0","-3.05640006065319","0","-2.29229998588664","0"
"10003","1004","DC-SRV","4.54747350886464E-13","0","4.07520008087108","0","4.07520008087215","0"
"10003","1004","DC-SRV","4.54747350886464E-13","0","4.07520008087108","0","4.07520008087215","0"
"10004","1004","DC-SRV","-2.70006239588838E-13","0","-140.038945198059","0","-4.07520008087209","0"
"10004","1004","DC-SRV","-2.70006239588838E-13","0","-140.038945198059","0","-4.07520008087209","0"
"10004","1005","DC-SRV","2.70006239588838E-13","0","141.057744979858","0","74.3493723869324","0"
"10004","1005","DC-SRV","2.70006239588838E-13","0","141.057744979858","0","74.3493723869324","0"
"10005","1005","DC-SRV","-2.41584530158434E-13","0","-141.057744979858","0","-74.3493723869324","0"
"10005","1005","DC-SRV","-2.41584530158434E-13","0","-141.057744979858","0","-74.3493723869324","0"
"10005","1006","DC-SRV","2.41584530158434E-13","0","142.076545238495","0","145.13294506073","0"
"10005","1006","DC-SRV","2.41584530158434E-13","0","142.076545238495","0","145.13294506073","0"
"10006","1006","DC-SRV","-2.41584530158434E-13","0","-142.076545238495","0","-145.13294506073","0"
"10006","1006","DC-SRV","-2.41584530158434E-13","0","-142.076545238495","0","-145.13294506073","0"
"10006","1007","DC-SRV","2.41584530158434E-13","0","143.095345020294","0","216.425917625427","0"
"10006","1007","DC-SRV","2.41584530158434E-13","0","143.095345020294","0","216.425917625427","0"
"10007","1007","DC-SRV","-4.2632564145606E-14","0","-143.095345020294","0","-216.425917625427","0"
"10007","1007","DC-SRV","-4.2632564145606E-14","0","-143.095345020294","0","-216.425917625427","0"
"10007","1008","DC-SRV","4.2632564145606E-14","0","144.114145278931","0","288.228290557861","0"
"10007","1008","DC-SRV","4.2632564145606E-14","0","144.114145278931","0","288.228290557861","0"
"10008","1008","DC-SRV","1.70530256582424E-13","0","91.8797197341919","0","-288.228290557861","0"
"10008","1008","DC-SRV","1.70530256582424E-13","0","91.8797197341919","0","-288.228290557861","0"
"10008","1009","DC-SRV","-1.70530256582424E-13","0","-90.8609199523926","0","242.543137550354","0"
"10008","1009","DC-SRV","-1.70530256582424E-13","0","-90.8609199523926","0","242.543137550354","0"
"10009","1009","DC-SRV","3.12638803734444E-13","0","90.8609199523926","0","-242.543137550354","0"
"10009","1009","DC-SRV","3.12638803734444E-13","0","90.8609199523926","0","-242.543137550354","0"
"10009","1010","DC-SRV","-3.12638803734444E-13","0","-89.8421201705933","0","197.367385864258","0"
"10009","1010","DC-SRV","-3.12638803734444E-13","0","-89.8421201705933","0","197.367385864258","0"
"10010","1010","DC-SRV","1.4210854715202E-13","0","89.8421201705933","0","-197.367385864258","0"
"10010","1010","DC-SRV","1.4210854715202E-13","0","89.8421201705933","0","-197.367385864258","0"
"10010","1011","DC-SRV","-1.4210854715202E-13","0","-88.8233194351196","0","152.701018214226","0"
"10010","1011","DC-SRV","-1.4210854715202E-13","0","-88.8233194351196","0","152.701018214226","0"
"10011","1011","DC-SRV","3.69482222595252E-13","0","88.8233194351196","0","-152.701018214226","0"
"10011","1011","DC-SRV","3.69482222595252E-13","0","88.8233194351196","0","-152.701018214226","0"
"10011","1012","DC-SRV","-3.69482222595252E-13","0","-87.8045196533203","0","108.544058322906","0"
"10011","1012","DC-SRV","-3.69482222595252E-13","0","-87.8045196533203","0","108.544058322906","0"
"10012","1012","DC-SRV","-1.4210854715202E-13","0","87.8045196533203","0","-108.544058322906","0"
"10012","1012","DC-SRV","-1.4210854715202E-13","0","87.8045196533203","0","-108.544058322906","0"
"10012","1013","DC-SRV","1.4210854715202E-13","0","-86.785719871521","0","64.8964986801147","0"
"10012","1013","DC-SRV","1.4210854715202E-13","0","-86.785719871521","0","64.8964986801147","0"
"10013","1013","DC-SRV","3.12638803734444E-13","0","86.785719871521","0","-64.8964986801147","0"
"10013","1013","DC-SRV","3.12638803734444E-13","0","86.785719871521","0","-64.8964986801147","0"
"10013","1014","DC-SRV","-3.12638803734444E-13","0","-85.7669196128845","0","21.7583408355713","0"
"10013","1014","DC-SRV","-3.12638803734444E-13","0","-85.7669196128845","0","21.7583408355713","0"
"10014","1014","DC-SRV","1.13686837721616E-13","0","85.7669196128845","0","-21.7583408355713","0"
"10014","1014","DC-SRV","1.13686837721616E-13","0","85.7669196128845","0","-21.7583408355713","0"
"10014","1015","DC-SRV","-1.13686837721616E-13","0","-84.7481198310852","0","-20.8704195022583","0"
"10014","1015","DC-SRV","-1.13686837721616E-13","0","-84.7481198310852","0","-20.8704195022583","0"
"10015","1015","DC-SRV","9.9475983006414E-14","0","84.7481198310852","0","20.8704195022583","0"
"10015","1015","DC-SRV","9.9475983006414E-14","0","84.7481198310852","0","20.8704195022583","0"
"10015","1016","DC-SRV","-9.9475983006414E-14","0","-83.7293198108673","0","-62.9897813796997","0"
"10015","1016","DC-SRV","-9.9475983006414E-14","0","-83.7293198108673","0","-62.9897813796997","0"
"10016","1016","DC-SRV","1.70530256582424E-13","0","83.7293198108673","0","62.9897813796997","0"
"10016","1016","DC-SRV","1.70530256582424E-13","0","83.7293198108673","0","62.9897813796997","0"
"10016","1017","DC-SRV","-1.70530256582424E-13","0","-82.7105197906494","0","-104.599740982056","0"
"10016","1017","DC-SRV","-1.70530256582424E-13","0","-82.7105197906494","0","-104.599740982056","0"
"10017","1017","DC-SRV","-1.27897692436818E-13","0","82.7105197906494","0","104.599740982056","0"
"10017","1017","DC-SRV","-1.27897692436818E-13","0","82.7105197906494","0","104.599740982056","0"
"10017","1018","DC-SRV","1.27897692436818E-13","0","-81.6917197704315","0","-145.700293540955","0"
"10017","1018","DC-SRV","1.27897692436818E-13","0","-81.6917197704315","0","-145.700293540955","0"
"10018","1018","DC-SRV","3.58824081558851E-13","0","81.6917197704315","0","145.700293540955","0"
"10018","1018","DC-SRV","3.58824081558851E-13","0","81.6917197704315","0","145.700293540955","0"
"10018","1019","DC-SRV","-3.58824081558851E-13","0","-80.6729197353125","0","-186.291460990906","0"
"10018","1019","DC-SRV","-3.58824081558851E-13","0","-80.6729197353125","0","-186.291460990906","0"
"10019","1019","DC-SRV","1.04805053524615E-13","0","80.6729197353125","0","186.291460990906","0"
"10019","1019","DC-SRV","1.04805053524615E-13","0","80.6729197353125","0","186.291460990906","0"
"10019","1020","DC-SRV","-1.04805053524615E-13","0","-79.6541197299957","0","-226.373212814331","0"
"10019","1020","DC-SRV","-1.04805053524615E-13","0","-79.6541197299957","0","-226.373212814331","0"
"10020","1020","DC-SRV","0","0","-76.3908784389496","0","226.373212814331","0"
"10020","1020","DC-SRV","0","0","-76.3908784389496","0","226.373212814331","0"
"10020","1021","DC-SRV","0","0","77.4096784591675","0","-187.923073768616","0"
"10020","1021","DC-SRV","0","0","77.4096784591675","0","-187.923073768616","0"
"10021","1021","DC-SRV","6.3948846218409E-14","0","-77.4096784591675","0","187.923073768616","0"
"10021","1021","DC-SRV","6.3948846218409E-14","0","-77.4096784591675","0","187.923073768616","0"
"10021","1022","DC-SRV","-6.3948846218409E-14","0","78.4284784793854","0","-148.963534355164","0"
"10021","1022","DC-SRV","-6.3948846218409E-14","0","78.4284784793854","0","-148.963534355164","0"
"10022","1022","DC-SRV","-4.2632564145606E-14","0","-78.4284784793854","0","148.963534355164","0"
"10022","1022","DC-SRV","-4.2632564145606E-14","0","-78.4284784793854","0","148.963534355164","0"
"10022","1023","DC-SRV","4.2632564145606E-14","0","79.4472784996033","0","-109.494595527649","0"
"10022","1023","DC-SRV","4.2632564145606E-14","0","79.4472784996033","0","-109.494595527649","0"
"10023","1023","DC-SRV","8.5265128291212E-14","0","-79.4472784996033","0","109.494595527649","0"
"10023","1023","DC-SRV","8.5265128291212E-14","0","-79.4472784996033","0","109.494595527649","0"
"10023","1024","DC-SRV","-8.5265128291212E-14","0","80.4660782814026","0","-69.5162601470947","0"
"10023","1024","DC-SRV","-8.5265128291212E-14","0","80.4660782814026","0","-69.5162601470947","0"
"10024","1024","DC-SRV","9.9475983006414E-14","0","-80.4660782814026","0","69.5162601470947","0"
"10024","1024","DC-SRV","9.9475983006414E-14","0","-80.4660782814026","0","69.5162601470947","0"
"10024","1025","DC-SRV","-9.9475983006414E-14","0","81.4848785400391","0","-29.0285186767578","0"
"10024","1025","DC-SRV","-9.9475983006414E-14","0","81.4848785400391","0","-29.0285186767578","0"
"10025","1025","DC-SRV","-5.6843418860808E-14","0","-81.4848785400391","0","29.0285186767578","0"
"10025","1025","DC-SRV","-5.6843418860808E-14","0","-81.4848785400391","0","29.0285186767578","0"
"10025","1026","DC-SRV","5.6843418860808E-14","0","82.5036783218384","0","11.9686222076416","0"
"10025","1026","DC-SRV","5.6843418860808E-14","0","82.5036783218384","0","11.9686222076416","0"
"10026","1026","DC-SRV","3.12638803734444E-13","0","-82.5036783218384","0","-11.9686222076416","0"
"10026","1026","DC-SRV","3.12638803734444E-13","0","-82.5036783218384","0","-11.9686222076416","0"
"10026","1027","DC-SRV","-3.12638803734444E-13","0","83.5224785804749","0","53.4751615524292","0"
"10026","1027","DC-SRV","-3.12638803734444E-13","0","83.5224785804749","0","53.4751615524292","0"
"10027","1027","DC-SRV","-4.2632564145606E-14","0","-83.5224785804749","0","-53.4751615524292","0"
"10027","1027","DC-SRV","-4.2632564145606E-14","0","-83.5224785804749","0","-53.4751615524292","0"
"10027","1028","DC-SRV","4.2632564145606E-14","0","84.5412788391113","0","95.4911007881165","0"
"10027","1028","DC-SRV","4.2632564145606E-14","0","84.5412788391113","0","95.4911007881165","0"
"10028","1028","DC-SRV","7.105427357601E-14","0","-84.5412788391113","0","-95.4911007881165","0"
"10028","1028","DC-SRV","7.105427357601E-14","0","-84.5412788391113","0","-95.4911007881165","0"
"10028","1029","DC-SRV","-7.105427357601E-14","0","85.5600786209106","0","138.016440391541","0"
"10028","1029","DC-SRV","-7.105427357601E-14","0","85.5600786209106","0","138.016440391541","0"
"10029","1029","DC-SRV","4.2632564145606E-14","0","-85.5600786209106","0","-138.016440391541","0"
"10029","1029","DC-SRV","4.2632564145606E-14","0","-85.5600786209106","0","-138.016440391541","0"
"10029","1030","DC-SRV","-4.2632564145606E-14","0","86.57887840271","0","181.05117893219","0"
"10029","1030","DC-SRV","-4.2632564145606E-14","0","86.57887840271","0","181.05117893219","0"
"10030","1030","DC-SRV","7.46069872548105E-14","0","-86.57887840271","0","-181.05117893219","0"
"10030","1030","DC-SRV","7.46069872548105E-14","0","-86.57887840271","0","-181.05117893219","0"
"10030","1031","DC-SRV","-7.46069872548105E-14","0","87.5976781845093","0","224.595317840576","0"
"10030","1031","DC-SRV","-7.46069872548105E-14","0","87.5976781845093","0","224.595317840576","0"
"10031","1031","DC-SRV","-4.2632564145606E-14","0","-87.5976781845093","0","-224.595317840576","0"
"10031","1031","DC-SRV","-4.2632564145606E-14","0","-87.5976781845093","0","-224.595317840576","0"
"10031","1032","DC-SRV","4.2632564145606E-14","0","88.6164779663086","0","268.648857116699","0"
"10031","1032","DC-SRV","4.2632564145606E-14","0","88.6164779663086","0","268.648857116699","0"
"10032","1032","DC-SRV","9.05941988094128E-14","0","168.27059841156","0","-268.648857116699","0"
"10032","1032","DC-SRV","9.05941988094128E-14","0","168.27059841156","0","-268.648857116699","0"
"10032","1033","DC-SRV","-9.05941988094128E-14","0","-167.251798629761","0","184.768266677856","0"
"10032","1033","DC-SRV","-9.05941988094128E-14","0","-167.251798629761","0","184.768266677856","0"
"10033","1033","DC-SRV","2.98427949019242E-13","0","167.251798629761","0","-184.768266677856","0"
"10033","1033","DC-SRV","2.98427949019242E-13","0","167.251798629761","0","-184.768266677856","0"
"10033","1034","DC-SRV","-2.98427949019242E-13","0","-166.232997894287","0","101.397059440613","0"
"10033","1034","DC-SRV","-2.98427949019242E-13","0","-166.232997894287","0","101.397059440613","0"
"10034","1034","DC-SRV","-4.9737991503207E-14","0","166.232997894287","0","-101.397059440613","0"
"10034","1034","DC-SRV","-4.9737991503207E-14","0","166.232997894287","0","-101.397059440613","0"
"10034","1035","DC-SRV","4.9737991503207E-14","0","-165.214198112488","0","18.5352621078491","0"
"10034","1035","DC-SRV","4.9737991503207E-14","0","-165.214198112488","0","18.5352621078491","0"
"10035","1035","DC-SRV","7.105427357601E-14","0","165.214198112488","0","-18.5352621078491","0"
"10035","1035","DC-SRV","7.105427357601E-14","0","165.214198112488","0","-18.5352621078491","0"
"10035","1036","DC-SRV","-7.105427357601E-14","0","-164.195398330688","0","-63.817138671875","0"
"10035","1036","DC-SRV","-7.105427357601E-14","0","-164.195398330688","0","-63.817138671875","0"
"10036","1036","DC-SRV","7.105427357601E-14","0","8.15040016174309","0","63.817138671875","0"
"10036","1036","DC-SRV","7.105427357601E-14","0","8.15040016174309","0","63.817138671875","0"
"10036","1037","DC-SRV","-7.105427357601E-14","0","-7.13159990310661","0","-67.6376386880875","0"
"10036","1037","DC-SRV","-7.105427357601E-14","0","-7.13159990310661","0","-67.6376386880875","0"
"10037","1037","DC-SRV","-2.8421709430404E-14","0","7.13159990310704","0","67.6376386880875","0"
"10037","1037","DC-SRV","-2.8421709430404E-14","0","7.13159990310704","0","67.6376386880875","0"
"10037","1038","DC-SRV","2.8421709430404E-14","0","-6.11280012130772","0","-70.948738694191","0"
"10037","1038","DC-SRV","2.8421709430404E-14","0","-6.11280012130772","0","-70.948738694191","0"
"10038","1038","DC-SRV","5.6843418860808E-14","0","6.11280012130758","0","70.948738694191","0"
"10038","1038","DC-SRV","5.6843418860808E-14","0","6.11280012130758","0","70.948738694191","0"
"10038","1039","DC-SRV","-5.6843418860808E-14","0","-5.0939998626711","0","-73.7504386901855","0"
"10038","1039","DC-SRV","-5.6843418860808E-14","0","-5.0939998626711","0","-73.7504386901855","0"
"10039","1039","DC-SRV","2.70006239588838E-13","0","5.09399986267078","0","73.7504386901855","0"
"10039","1039","DC-SRV","2.70006239588838E-13","0","5.09399986267078","0","73.7504386901855","0"
"10039","1040","DC-SRV","-2.70006239588838E-13","0","-4.07520008087147","0","-76.0427389144897","0"
"10039","1040","DC-SRV","-2.70006239588838E-13","0","-4.07520008087147","0","-76.0427389144897","0"
"10040","1040","DC-SRV","-4.2632564145606E-14","0","4.07520008087191","0","76.0427389144897","0"
"10040","1040","DC-SRV","-4.2632564145606E-14","0","4.07520008087191","0","76.0427389144897","0"
"10040","1041","DC-SRV","4.2632564145606E-14","0","-3.05640006065401","0","-77.8256387710571","0"
"10040","1041","DC-SRV","4.2632564145606E-14","0","-3.05640006065401","0","-77.8256387710571","0"
"10041","1041","DC-SRV","7.8159700933611E-14","0","3.05640006065376","0","77.8256387710571","0"
"10041","1041","DC-SRV","7.8159700933611E-14","0","3.05640006065376","0","77.8256387710571","0"
"10041","1042","DC-SRV","-7.8159700933611E-14","0","-2.03760004043586","0","-79.0991382598877","0"
"10041","1042","DC-SRV","-7.8159700933611E-14","0","-2.03760004043586","0","-79.0991382598877","0"
"10042","1042","DC-SRV","-4.61852778244065E-14","0","2.03760004043566","0","79.0991382598877","0"
"10042","1042","DC-SRV","-4.61852778244065E-14","0","2.03760004043566","0","79.0991382598877","0"
"10042","1043","DC-SRV","4.61852778244065E-14","0","-1.01880002021776","0","-79.8632383346558","0"
"10042","1043","DC-SRV","4.61852778244065E-14","0","-1.01880002021776","0","-79.8632383346558","0"
"10043","1043","DC-SRV","1.98954120864646E-13","0","1.01880002021799","0","79.8632383346558","0"
"10043","1043","DC-SRV","1.98954120864646E-13","0","1.01880002021799","0","79.8632383346558","0"
"10043","1044","DC-SRV","-1.98954120864646E-13","0","-8.66590463667952E-14","0","-80.1179389953613","0"
"10043","1044","DC-SRV","-1.98954120864646E-13","0","-8.66590463667952E-14","0","-80.1179389953613","0"
"10044","1044","DC-SRV","-7.105427357601E-15","0","1.16906484493029E-13","0","80.1179389953613","0"
"10044","1044","DC-SRV","-7.105427357601E-15","0","1.16906484493029E-13","0","80.1179389953613","0"
"10044","1045","DC-SRV","7.105427357601E-15","0","1.01880002021779","0","-79.8632383346558","0"
"10044","1045","DC-SRV","7.105427357601E-15","0","1.01880002021779","0","-79.8632383346558","0"
"10045","1045","DC-SRV","7.105427357601E-15","0","-1.01880002021777","0","79.8632383346558","0"
"10045","1045","DC-SRV","7.105427357601E-15","0","-1.01880002021777","0","79.8632383346558","0"
"10045","1046","DC-SRV","-7.105427357601E-15","0","2.03760004043566","0","-79.0991382598877","0"
"10045","1046","DC-SRV","-7.105427357601E-15","0","2.03760004043566","0","-79.0991382598877","0"
"10046","1046","DC-SRV","9.2370555648813E-14","0","-2.03760004043541","0","79.0991382598877","0"
"10046","1046","DC-SRV","9.2370555648813E-14","0","-2.03760004043541","0","79.0991382598877","0"
"10046","1047","DC-SRV","-9.2370555648813E-14","0","3.0564000606533","0","-77.8256387710571","0"
"10046","1047","DC-SRV","-9.2370555648813E-14","0","3.0564000606533","0","-77.8256387710571","0"
"10047","1047","DC-SRV","5.6843418860808E-14","0","-3.05640006065396","0","77.8256387710571","0"
"10047","1047","DC-SRV","5.6843418860808E-14","0","-3.05640006065396","0","77.8256387710571","0"
"10047","1048","DC-SRV","-5.6843418860808E-14","0","4.07520008087185","0","-76.0427389144897","0"
"10047","1048","DC-SRV","-5.6843418860808E-14","0","4.07520008087185","0","-76.0427389144897","0"
"10048","1048","DC-SRV","3.69482222595252E-13","0","-4.07520008087159","0","76.0427389144897","0"
"10048","1048","DC-SRV","3.69482222595252E-13","0","-4.07520008087159","0","76.0427389144897","0"
"10048","1049","DC-SRV","-3.69482222595252E-13","0","5.09399986267091","0","-73.7504386901855","0"
"10048","1049","DC-SRV","-3.69482222595252E-13","0","5.09399986267091","0","-73.7504386901855","0"
"10049","1049","DC-SRV","1.13686837721616E-13","0","-5.09399986267041","0","73.7504386901855","0"
"10049","1049","DC-SRV","1.13686837721616E-13","0","-5.09399986267041","0","73.7504386901855","0"
"10049","1050","DC-SRV","-1.13686837721616E-13","0","6.11280012130688","0","-70.948738694191","0"
"10049","1050","DC-SRV","-1.13686837721616E-13","0","6.11280012130688","0","-70.948738694191","0"
"10050","1050","DC-SRV","2.41584530158434E-13","0","-6.11280012130732","0","70.948738694191","0"
"10050","1050","DC-SRV","2.41584530158434E-13","0","-6.11280012130732","0","70.948738694191","0"
"10050","1051","DC-SRV","-2.41584530158434E-13","0","7.13159990310664","0","-67.6376386880875","0"
"10050","1051","DC-SRV","-2.41584530158434E-13","0","7.13159990310664","0","-67.6376386880875","0"
"10051","1051","DC-SRV","1.70530256582424E-13","0","-7.13159990310665","0","67.6376386880875","0"
"10051","1051","DC-SRV","1.70530256582424E-13","0","-7.13159990310665","0","67.6376386880875","0"
"10051","1052","DC-SRV","-1.70530256582424E-13","0","8.15040016174313","0","-63.817138671875","0"
"10051","1052","DC-SRV","-1.70530256582424E-13","0","8.15040016174313","0","-63.817138671875","0"
"10052","1052","DC-SRV","2.27373675443232E-13","0","-164.195398330688","0","63.817138671875","0"
"10052","1052","DC-SRV","2.27373675443232E-13","0","-164.195398330688","0","63.817138671875","0"
"10052","1053","DC-SRV","-2.27373675443232E-13","0","165.214198112488","0","18.5352621078491","0"
"10052","1053","DC-SRV","-2.27373675443232E-13","0","165.214198112488","0","18.5352621078491","0"
"10053","1053","DC-SRV","1.63424829224823E-13","0","-165.214198112488","0","-18.5352621078491","0"
"10053","1053","DC-SRV","1.63424829224823E-13","0","-165.214198112488","0","-18.5352621078491","0"
"10053","1054","DC-SRV","-1.63424829224823E-13","0","166.232997894287","0","101.397059440613","0"
"10053","1054","DC-SRV","-1.63424829224823E-13","0","166.232997894287","0","101.397059440613","0"
"10054","1054","DC-SRV","2.68229882749438E-13","0","-166.232997894287","0","-101.397059440613","0"
"10054","1054","DC-SRV","2.68229882749438E-13","0","-166.232997894287","0","-101.397059440613","0"
"10054","1055","DC-SRV","-2.68229882749438E-13","0","167.251798629761","0","184.768266677856","0"
"10054","1055","DC-SRV","-2.68229882749438E-13","0","167.251798629761","0","184.768266677856","0"
"10055","1055","DC-SRV","0","0","-167.251798629761","0","-184.768266677856","0"
"10055","1055","DC-SRV","0","0","-167.251798629761","0","-184.768266677856","0"
"10055","1056","DC-SRV","0","0","168.27059841156","0","268.648857116699","0"
"10055","1056","DC-SRV","0","0","168.27059841156","0","268.648857116699","0"
"10056","1056","DC-SRV","1.4210854715202E-14","0","88.6164779663086","0","-268.648857116699","0"
"10056","1056","DC-SRV","1.4210854715202E-14","0","88.6164779663086","0","-268.648857116699","0"
"10056","1057","DC-SRV","-1.4210854715202E-14","0","-87.5976781845093","0","224.595317840576","0"
"10056","1057","DC-SRV","-1.4210854715202E-14","0","-87.5976781845093","0","224.595317840576","0"
"10057","1057","DC-SRV","-1.70530256582424E-13","0","87.5976781845093","0","-224.595317840576","0"
"10057","1057","DC-SRV","-1.70530256582424E-13","0","87.5976781845093","0","-224.595317840576","0"
"10057","1058","DC-SRV","1.70530256582424E-13","0","-86.57887840271","0","181.05117893219","0"
"10057","1058","DC-SRV","1.70530256582424E-13","0","-86.57887840271","0","181.05117893219","0"
"10058","1058","DC-SRV","-1.4210854715202E-14","0","86.57887840271","0","-181.05117893219","0"
"10058","1058","DC-SRV","-1.4210854715202E-14","0","86.57887840271","0","-181.05117893219","0"
"10058","1059","DC-SRV","1.4210854715202E-14","0","-85.5600786209106","0","138.016440391541","0"
"10058","1059","DC-SRV","1.4210854715202E-14","0","-85.5600786209106","0","138.016440391541","0"
"10059","1059","DC-SRV","-1.4210854715202E-14","0","85.5600786209106","0","-138.016440391541","0"
"10059","1059","DC-SRV","-1.4210854715202E-14","0","85.5600786209106","0","-138.016440391541","0"
"10059","1060","DC-SRV","1.4210854715202E-14","0","-84.5412788391113","0","95.4911007881165","0"
"10059","1060","DC-SRV","1.4210854715202E-14","0","-84.5412788391113","0","95.4911007881165","0"
"10060","1060","DC-SRV","8.5265128291212E-14","0","84.5412788391113","0","-95.4911007881165","0"
"10060","1060","DC-SRV","8.5265128291212E-14","0","84.5412788391113","0","-95.4911007881165","0"
"10060","1061","DC-SRV","-8.5265128291212E-14","0","-83.5224785804749","0","53.4751615524292","0"
"10060","1061","DC-SRV","-8.5265128291212E-14","0","-83.5224785804749","0","53.4751615524292","0"
"10061","1061","DC-SRV","-3.69482222595252E-13","0","83.5224785804749","0","-53.4751615524292","0"
"10061","1061","DC-SRV","-3.69482222595252E-13","0","83.5224785804749","0","-53.4751615524292","0"
"10061","1062","DC-SRV","3.69482222595252E-13","0","-82.5036783218384","0","11.9686222076416","0"
"10061","1062","DC-SRV","3.69482222595252E-13","0","-82.5036783218384","0","11.9686222076416","0"
"10062","1062","DC-SRV","1.13686837721616E-13","0","82.5036783218384","0","-11.9686222076416","0"
"10062","1062","DC-SRV","1.13686837721616E-13","0","82.5036783218384","0","-11.9686222076416","0"
"10062","1063","DC-SRV","-1.13686837721616E-13","0","-81.4848785400391","0","-29.0285186767578","0"
"10062","1063","DC-SRV","-1.13686837721616E-13","0","-81.4848785400391","0","-29.0285186767578","0"
"10063","1063","DC-SRV","3.69482222595252E-13","0","81.4848785400391","0","29.0285186767578","0"
"10063","1063","DC-SRV","3.69482222595252E-13","0","81.4848785400391","0","29.0285186767578","0"
"10063","1064","DC-SRV","-3.69482222595252E-13","0","-80.4660782814026","0","-69.5162601470947","0"
"10063","1064","DC-SRV","-3.69482222595252E-13","0","-80.4660782814026","0","-69.5162601470947","0"
"10064","1064","DC-SRV","-4.9737991503207E-13","0","80.4660782814026","0","69.5162601470947","0"
"10064","1064","DC-SRV","-4.9737991503207E-13","0","80.4660782814026","0","69.5162601470947","0"
"10064","1065","DC-SRV","4.9737991503207E-13","0","-79.4472784996033","0","-109.494595527649","0"
"10064","1065","DC-SRV","4.9737991503207E-13","0","-79.4472784996033","0","-109.494595527649","0"
"10065","1065","DC-SRV","4.76063632959267E-13","0","79.4472784996033","0","109.494595527649","0"
"10065","1065","DC-SRV","4.76063632959267E-13","0","79.4472784996033","0","109.494595527649","0"
"10065","1066","DC-SRV","-4.76063632959267E-13","0","-78.4284784793854","0","-148.963534355164","0"
"10065","1066","DC-SRV","-4.76063632959267E-13","0","-78.4284784793854","0","-148.963534355164","0"
"10066","1066","DC-SRV","-1.70530256582424E-13","0","78.4284784793854","0","148.963534355164","0"
"10066","1066","DC-SRV","-1.70530256582424E-13","0","78.4284784793854","0","148.963534355164","0"
"10066","1067","DC-SRV","1.70530256582424E-13","0","-77.4096784591675","0","-187.923073768616","0"
"10066","1067","DC-SRV","1.70530256582424E-13","0","-77.4096784591675","0","-187.923073768616","0"
"10067","1067","DC-SRV","9.41469124882133E-14","0","77.4096784591675","0","187.923073768616","0"
"10067","1067","DC-SRV","9.41469124882133E-14","0","77.4096784591675","0","187.923073768616","0"
"10067","1068","DC-SRV","-9.41469124882133E-14","0","-76.3908784389496","0","-226.373212814331","0"
"10067","1068","DC-SRV","-9.41469124882133E-14","0","-76.3908784389496","0","-226.373212814331","0"
"10068","1068","DC-SRV","6.3948846218409E-14","0","-79.6541197299957","0","226.373212814331","0"
"10068","1068","DC-SRV","6.3948846218409E-14","0","-79.6541197299957","0","226.373212814331","0"
"10068","1069","DC-SRV","-6.3948846218409E-14","0","80.6729197353125","0","-186.291460990906","0"
"10068","1069","DC-SRV","-6.3948846218409E-14","0","80.6729197353125","0","-186.291460990906","0"
"10069","1069","DC-SRV","7.105427357601E-15","0","-80.6729197353125","0","186.291460990906","0"
"10069","1069","DC-SRV","7.105427357601E-15","0","-80.6729197353125","0","186.291460990906","0"
"10069","1070","DC-SRV","-7.105427357601E-15","0","81.6917197704315","0","-145.700293540955","0"
"10069","1070","DC-SRV","-7.105427357601E-15","0","81.6917197704315","0","-145.700293540955","0"
"10070","1070","DC-SRV","-1.4210854715202E-13","0","-81.6917197704315","0","145.700293540955","0"
"10070","1070","DC-SRV","-1.4210854715202E-13","0","-81.6917197704315","0","145.700293540955","0"
"10070","1071","DC-SRV","1.4210854715202E-13","0","82.7105197906494","0","-104.599740982056","0"
"10070","1071","DC-SRV","1.4210854715202E-13","0","82.7105197906494","0","-104.599740982056","0"
"10071","1071","DC-SRV","-8.5265128291212E-14","0","-82.7105197906494","0","104.599740982056","0"
"10071","1071","DC-SRV","-8.5265128291212E-14","0","-82.7105197906494","0","104.599740982056","0"
"10071","1072","DC-SRV","8.5265128291212E-14","0","83.7293198108673","0","-62.9897813796997","0"
"10071","1072","DC-SRV","8.5265128291212E-14","0","83.7293198108673","0","-62.9897813796997","0"
"10072","1072","DC-SRV","-1.4210854715202E-14","0","-83.7293198108673","0","62.9897813796997","0"
"10072","1072","DC-SRV","-1.4210854715202E-14","0","-83.7293198108673","0","62.9897813796997","0"
"10072","1073","DC-SRV","1.4210854715202E-14","0","84.7481198310852","0","-20.8704195022583","0"
"10072","1073","DC-SRV","1.4210854715202E-14","0","84.7481198310852","0","-20.8704195022583","0"
"10073","1073","DC-SRV","-1.98951966012828E-13","0","-84.7481198310852","0","20.8704195022583","0"
"10073","1073","DC-SRV","-1.98951966012828E-13","0","-84.7481198310852","0","20.8704195022583","0"
"10073","1074","DC-SRV","1.98951966012828E-13","0","85.7669196128845","0","21.7583408355713","0"
"10073","1074","DC-SRV","1.98951966012828E-13","0","85.7669196128845","0","21.7583408355713","0"
"10074","1074","DC-SRV","-2.27373675443232E-13","0","-85.7669196128845","0","-21.7583408355713","0"
"10074","1074","DC-SRV","-2.27373675443232E-13","0","-85.7669196128845","0","-21.7583408355713","0"
"10074","1075","DC-SRV","2.27373675443232E-13","0","86.785719871521","0","64.8964986801147","0"
"10074","1075","DC-SRV","2.27373675443232E-13","0","86.785719871521","0","64.8964986801147","0"
"10075","1075","DC-SRV","1.13686837721616E-13","0","-86.785719871521","0","-64.8964986801147","0"
"10075","1075","DC-SRV","1.13686837721616E-13","0","-86.785719871521","0","-64.8964986801147","0"
"10075","1076","DC-SRV","-1.13686837721616E-13","0","87.8045196533203","0","108.544058322906","0"
"10075","1076","DC-SRV","-1.13686837721616E-13","0","87.8045196533203","0","108.544058322906","0"
"10076","1076","DC-SRV","-2.8421709430404E-14","0","-87.8045196533203","0","-108.544058322906","0"
"10076","1076","DC-SRV","-2.8421709430404E-14","0","-87.8045196533203","0","-108.544058322906","0"
"10076","1077","DC-SRV","2.8421709430404E-14","0","88.8233194351196","0","152.701018214226","0"
"10076","1077","DC-SRV","2.8421709430404E-14","0","88.8233194351196","0","152.701018214226","0"
"10077","1077","DC-SRV","1.13686837721616E-13","0","-88.8233194351196","0","-152.701018214226","0"
"10077","1077","DC-SRV","1.13686837721616E-13","0","-88.8233194351196","0","-152.701018214226","0"
"10077","1078","DC-SRV","-1.13686837721616E-13","0","89.8421201705933","0","197.367385864258","0"
"10077","1078","DC-SRV","-1.13686837721616E-13","0","89.8421201705933","0","197.367385864258","0"
"10078","1078","DC-SRV","-1.98951966012828E-13","0","-89.8421201705933","0","-197.367385864258","0"
"10078","1078","DC-SRV","-1.98951966012828E-13","0","-89.8421201705933","0","-197.367385864258","0"
"10078","1079","DC-SRV","1.98951966012828E-13","0","90.8609199523926","0","242.543137550354","0"
"10078","1079","DC-SRV","1.98951966012828E-13","0","90.8609199523926","0","242.543137550354","0"
"10079","1079","DC-SRV","2.27373675443232E-13","0","-90.8609199523926","0","-242.543137550354","0"
"10079","1079","DC-SRV","2.27373675443232E-13","0","-90.8609199523926","0","-242.543137550354","0"
"10079","1080","DC-SRV","-2.27373675443232E-13","0","91.8797197341919","0","288.228290557861","0"
"10079","1080","DC-SRV","-2.27373675443232E-13","0","91.8797197341919","0","288.228290557861","0"
"10080","1080","DC-SRV","-2.1316282072803E-13","0","144.114145278931","0","-288.228290557861","0"
"10080","1080","DC-SRV","-2.1316282072803E-13","0","144.114145278931","0","-288.228290557861","0"
"10080","1081","DC-SRV","2.1316282072803E-13","0","-143.095345020294","0","216.425917625427","0"
"10080","1081","DC-SRV","2.1316282072803E-13","0","-143.095345020294","0","216.425917625427","0"
"10081","1081","DC-SRV","0","0","143.095345020294","0","-216.425917625427","0"
"10081","1081","DC-SRV","0","0","143.095345020294","0","-216.425917625427","0"
"10081","1082","DC-SRV","0","0","-142.076545238495","0","145.13294506073","0"
"10081","1082","DC-SRV","0","0","-142.076545238495","0","145.13294506073","0"
"10082","1082","DC-SRV","2.1316282072803E-13","0","142.076545238495","0","-145.13294506073","0"
"10082","1082","DC-SRV","2.1316282072803E-13","0","142.076545238495","0","-145.13294506073","0"
"10082","1083","DC-SRV","-2.1316282072803E-13","0","-141.057744979858","0","74.3493723869324","0"
"10082","1083","DC-SRV","-2.1316282072803E-13","0","-141.057744979858","0","74.3493723869324","0"
"10083","1083","DC-SRV","-1.84741111297626E-13","0","141.057744979858","0","-74.3493723869324","0"
"10083","1083","DC-SRV","-1.84741111297626E-13","0","141.057744979858","0","-74.3493723869324","0"
"10083","1084","DC-SRV","1.84741111297626E-13","0","-140.038945198059","0","4.07520008087255","0"
"10083","1084","DC-SRV","1.84741111297626E-13","0","-140.038945198059","0","4.07520008087255","0"
"10084","1084","DC-SRV","-4.9737991503207E-14","0","4.07520008087141","0","-4.07520008087113","0"
"10084","1084","DC-SRV","-4.9737991503207E-14","0","4.07520008087141","0","-4.07520008087113","0"
"10084","1085","DC-SRV","4.9737991503207E-14","0","-3.05640006065352","0","2.29229998588562","0"
"10084","1085","DC-SRV","4.9737991503207E-14","0","-3.05640006065352","0","2.29229998588562","0"
"10085","1085","DC-SRV","2.41584530158434E-13","0","3.05640006065354","0","-2.29229998588465","0"
"10085","1085","DC-SRV","2.41584530158434E-13","0","3.05640006065354","0","-2.29229998588465","0"
"10085","1086","DC-SRV","-2.41584530158434E-13","0","-2.03760004043565","0","1.01880002021784","0"
"10085","1086","DC-SRV","-2.41584530158434E-13","0","-2.03760004043565","0","1.01880002021784","0"
"10086","1086","DC-SRV","1.4210854715202E-14","0","2.03760004043596","0","-1.01880002021744","0"
"10086","1086","DC-SRV","1.4210854715202E-14","0","2.03760004043596","0","-1.01880002021744","0"
"10086","1087","DC-SRV","-1.4210854715202E-14","0","-1.01880002021807","0","0.254700005054019","0"
"10086","1087","DC-SRV","-1.4210854715202E-14","0","-1.01880002021807","0","0.254700005054019","0"
"10087","1087","DC-SRV","-2.55795384873636E-13","0","1.01880002021782","0","-0.254700005054531","0"
"10087","1087","DC-SRV","-2.55795384873636E-13","0","1.01880002021782","0","-0.254700005054531","0"
"10087","1088","DC-SRV","2.55795384873636E-13","0","7.36077865326479E-14","0","4.59528248786256E-13","0"
"10087","1088","DC-SRV","2.55795384873636E-13","0","7.36077865326479E-14","0","4.59528248786256E-13","0"
"20000","2000","DC-SRV","0","0","3.75166564481333E-12","0","-1.81188397618826E-12","0"
"20000","2000","DC-SRV","0","0","3.75166564481333E-12","0","-1.81188397618826E-12","0"
"20000","2001","DC-SRV","0","0","-3.75166564481333E-12","0","5.6843418860808E-14","0"
"20000","2001","DC-SRV","0","0","-3.75166564481333E-12","0","5.6843418860808E-14","0"
"20001","2001","DC-SRV","0","0","-3.32534000335727E-12","0","8.45545855554519E-13","0"
"20001","2001","DC-SRV","0","0","-3.32534000335727E-12","0","8.45545855554519E-13","0"
"20001","2002","DC-SRV","0","0","3.32534000335727E-12","0","8.81072992342524E-13","0"
"20001","2002","DC-SRV","0","0","3.32534000335727E-12","0","8.81072992342524E-13","0"
"20002","2002","DC-SRV","0","0","6.73594513500575E-12","0","-1.08002495835535E-12","0"
"20002","2002","DC-SRV","0","0","6.73594513500575E-12","0","-1.08002495835535E-12","0"
"20002","2003","DC-SRV","0","0","-6.73594513500575E-12","0","-2.25952589971712E-12","0"
"20002","2003","DC-SRV","0","0","-6.73594513500575E-12","0","-2.25952589971712E-12","0"
"20003","2003","DC-SRV","0","0","-5.79802872380242E-12","0","1.37845290737459E-12","0"
"20003","2003","DC-SRV","0","0","-5.79802872380242E-12","0","1.37845290737459E-12","0"
"20003","2004","DC-SRV","0","0","5.79802872380242E-12","0","-2.98427949019242E-13","0"
"20003","2004","DC-SRV","0","0","5.79802872380242E-12","0","-2.98427949019242E-13","0"
"20004","2004","DC-SRV","0","0","-4.46220838057343E-12","0","1.79767312147305E-12","0"
"20004","2004","DC-SRV","0","0","-4.46220838057343E-12","0","1.79767312147305E-12","0"
"20004","2005","DC-SRV","0","0","4.46220838057343E-12","0","4.68958205601666E-13","0"
"20004","2005","DC-SRV","0","0","4.46220838057343E-12","0","4.68958205601666E-13","0"
"20005","2005","DC-SRV","0","0","-3.46744855050929E-12","0","4.47641923528863E-13","0"
"20005","2005","DC-SRV","0","0","-3.46744855050929E-12","0","4.47641923528863E-13","0"
"20005","2006","DC-SRV","0","0","3.46744855050929E-12","0","-4.9737991503207E-13","0"
"20005","2006","DC-SRV","0","0","3.46744855050929E-12","0","-4.9737991503207E-13","0"
"20006","2006","DC-SRV","0","0","3.21165316563565E-12","0","2.40163444686914E-12","0"
"20006","2006","DC-SRV","0","0","3.21165316563565E-12","0","2.40163444686914E-12","0"
"20006","2007","DC-SRV","0","0","-3.21165316563565E-12","0","-2.23110419028671E-12","0"
"20006","2007","DC-SRV","0","0","-3.21165316563565E-12","0","-2.23110419028671E-12","0"
"20007","2007","DC-SRV","0","0","6.84963197272737E-12","0","2.62900812231237E-12","0"
"20007","2007","DC-SRV","0","0","6.84963197272737E-12","0","2.62900812231237E-12","0"
"20007","2008","DC-SRV","0","0","-6.84963197272737E-12","0","-7.8301809480763E-12","0"
"20007","2008","DC-SRV","0","0","-6.84963197272737E-12","0","-7.8301809480763E-12","0"
"20008","2008","DC-SRV","0","0","3.24007487506606E-12","0","7.84439180279151E-12","0"
"20008","2008","DC-SRV","0","0","3.24007487506606E-12","0","7.84439180279151E-12","0"
"20008","2009","DC-SRV","0","0","-3.24007487506606E-12","0","-9.42179667617893E-12","0"
"20008","2009","DC-SRV","0","0","-3.24007487506606E-12","0","-9.42179667617893E-12","0"
"20009","2009","DC-SRV","0","0","-3.12638803734444E-13","0","8.88888962435885E-12","0"
"20009","2009","DC-SRV","0","0","-3.12638803734444E-13","0","8.88888962435885E-12","0"
"20009","2010","DC-SRV","0","0","3.12638803734444E-13","0","-1.05728759081103E-11","0"
"20009","2010","DC-SRV","0","0","3.12638803734444E-13","0","-1.05728759081103E-11","0"
"20010","2010","DC-SRV","0","0","6.93489710101858E-12","0","1.0274447959091E-11","0"
"20010","2010","DC-SRV","0","0","6.93489710101858E-12","0","1.0274447959091E-11","0"
"20010","2011","DC-SRV","0","0","-6.93489710101858E-12","0","-1.36282096718787E-11","0"
"20010","2011","DC-SRV","0","0","-6.93489710101858E-12","0","-1.36282096718787E-11","0"
"20011","2011","DC-SRV","0","0","-5.28643795405515E-12","0","1.47437617670221E-11","0"
"20011","2011","DC-SRV","0","0","-5.28643795405515E-12","0","1.47437617670221E-11","0"
"20011","2012","DC-SRV","0","0","5.28643795405515E-12","0","-1.03597130873823E-11","0"
"20011","2012","DC-SRV","0","0","5.28643795405515E-12","0","-1.03597130873823E-11","0"
"20012","2012","DC-SRV","0","0","4.34852154285181E-12","0","8.88178419700125E-12","0"
"20012","2012","DC-SRV","0","0","4.34852154285181E-12","0","8.88178419700125E-12","0"
"20012","2013","DC-SRV","0","0","-4.34852154285181E-12","0","-1.28324018078274E-11","0"
"20012","2013","DC-SRV","0","0","-4.34852154285181E-12","0","-1.28324018078274E-11","0"
"20013","2013","DC-SRV","0","0","-1.03170805232367E-11","0","1.09139364212751E-11","0"
"20013","2013","DC-SRV","0","0","-1.03170805232367E-11","0","1.09139364212751E-11","0"
"20013","2014","DC-SRV","0","0","1.03170805232367E-11","0","-7.40385530662024E-12","0"
"20013","2014","DC-SRV","0","0","1.03170805232367E-11","0","-7.40385530662024E-12","0"
"20014","2014","DC-SRV","0","0","1.48929757415317E-11","0","6.68620714350254E-12","0"
"20014","2014","DC-SRV","0","0","1.48929757415317E-11","0","6.68620714350254E-12","0"
"20014","2015","DC-SRV","0","0","-1.48929757415317E-11","0","-1.21929133456433E-11","0"
"20014","2015","DC-SRV","0","0","-1.48929757415317E-11","0","-1.21929133456433E-11","0"
"20015","2015","DC-SRV","0","0","-1.02886588138063E-11","0","1.07291953099775E-11","0"
"20015","2015","DC-SRV","0","0","-1.02886588138063E-11","0","1.07291953099775E-11","0"
"20015","2016","DC-SRV","0","0","1.02886588138063E-11","0","-5.58486590307439E-12","0"
"20015","2016","DC-SRV","0","0","1.02886588138063E-11","0","-5.58486590307439E-12","0"
"20016","2016","DC-SRV","0","0","-3.63797880709171E-12","0","8.22808488010196E-12","0"
"20016","2016","DC-SRV","0","0","-3.63797880709171E-12","0","8.22808488010196E-12","0"
"20016","2017","DC-SRV","0","0","3.63797880709171E-12","0","-6.15330009168247E-12","0"
"20016","2017","DC-SRV","0","0","3.63797880709171E-12","0","-6.15330009168247E-12","0"
"20017","2017","DC-SRV","0","0","-1.27897692436818E-12","0","4.12114786740858E-12","0"
"20017","2017","DC-SRV","0","0","-1.27897692436818E-12","0","4.12114786740858E-12","0"
"20017","2018","DC-SRV","0","0","1.27897692436818E-12","0","-5.30064880877035E-12","0"
"20017","2018","DC-SRV","0","0","1.27897692436818E-12","0","-5.30064880877035E-12","0"
"20018","2018","DC-SRV","0","0","5.08748598804232E-12","0","1.79056769411545E-12","0"
"20018","2018","DC-SRV","0","0","5.08748598804232E-12","0","1.79056769411545E-12","0"
"20018","2019","DC-SRV","0","0","-5.08748598804232E-12","0","-4.33431068813661E-12","0"
"20018","2019","DC-SRV","0","0","-5.08748598804232E-12","0","-4.33431068813661E-12","0"
"20019","2019","DC-SRV","0","0","-4.77484718430787E-12","0","2.38742359215394E-12","0"
"20019","2019","DC-SRV","0","0","-4.77484718430787E-12","0","2.38742359215394E-12","0"
"20019","2020","DC-SRV","0","0","4.77484718430787E-12","0","0","0"
"20019","2020","DC-SRV","0","0","4.77484718430787E-12","0","0","0"
"20020","2020","DC-SRV","0","0","1.21787024909281E-11","0","0","0"
"20020","2020","DC-SRV","0","0","1.21787024909281E-11","0","0","0"
"20020","2021","DC-SRV","0","0","-1.21787024909281E-11","0","-6.08935124546406E-12","0"
"20020","2021","DC-SRV","0","0","-1.21787024909281E-11","0","-6.08935124546406E-12","0"
"20021","2021","DC-SRV","0","0","6.30961949354969E-12","0","7.92965693108272E-12","0"
"20021","2021","DC-SRV","0","0","6.30961949354969E-12","0","7.92965693108272E-12","0"
"20021","2022","DC-SRV","0","0","-6.30961949354969E-12","0","-1.10915721052152E-11","0"
"20021","2022","DC-SRV","0","0","-6.30961949354969E-12","0","-1.10915721052152E-11","0"
"20022","2022","DC-SRV","0","0","8.5265128291212E-12","0","7.0947692165646E-12","0"
"20022","2022","DC-SRV","0","0","8.5265128291212E-12","0","7.0947692165646E-12","0"
"20022","2023","DC-SRV","0","0","-8.5265128291212E-12","0","-1.11413100967184E-11","0"
"20022","2023","DC-SRV","0","0","-8.5265128291212E-12","0","-1.11413100967184E-11","0"
"20023","2023","DC-SRV","0","0","-9.63495949690696E-12","0","1.12692077891552E-11","0"
"20023","2023","DC-SRV","0","0","-9.63495949690696E-12","0","1.12692077891552E-11","0"
"20023","2024","DC-SRV","0","0","9.63495949690696E-12","0","-8.28492829896277E-12","0"
"20023","2024","DC-SRV","0","0","9.63495949690696E-12","0","-8.28492829896277E-12","0"
"20024","2024","DC-SRV","0","0","1.4495071809506E-12","0","9.00257646208047E-12","0"
"20024","2024","DC-SRV","0","0","1.4495071809506E-12","0","9.00257646208047E-12","0"
"20024","2025","DC-SRV","0","0","-1.4495071809506E-12","0","-7.70938868299709E-12","0"
"20024","2025","DC-SRV","0","0","-1.4495071809506E-12","0","-7.70938868299709E-12","0"
"20025","2025","DC-SRV","0","0","4.12114786740858E-12","0","1.02247099675878E-11","0"
"20025","2025","DC-SRV","0","0","4.12114786740858E-12","0","1.02247099675878E-11","0"
"20025","2026","DC-SRV","0","0","-4.12114786740858E-12","0","-1.22923893286497E-11","0"
"20025","2026","DC-SRV","0","0","-4.12114786740858E-12","0","-1.22923893286497E-11","0"
"20026","2026","DC-SRV","0","0","9.09494701772928E-13","0","1.36566313813091E-11","0"
"20026","2026","DC-SRV","0","0","9.09494701772928E-13","0","1.36566313813091E-11","0"
"20026","2027","DC-SRV","0","0","-9.09494701772928E-13","0","-1.23279164654377E-11","0"
"20026","2027","DC-SRV","0","0","-9.09494701772928E-13","0","-1.23279164654377E-11","0"
"20027","2027","DC-SRV","0","0","1.08002495835535E-12","0","1.22426513371465E-11","0"
"20027","2027","DC-SRV","0","0","1.08002495835535E-12","0","1.22426513371465E-11","0"
"20027","2028","DC-SRV","0","0","-1.08002495835535E-12","0","-1.2555290140881E-11","0"
"20027","2028","DC-SRV","0","0","-1.08002495835535E-12","0","-1.2555290140881E-11","0"
"20028","2028","DC-SRV","0","0","-5.62749846721999E-12","0","1.22710730465769E-11","0"
"20028","2028","DC-SRV","0","0","-5.62749846721999E-12","0","1.22710730465769E-11","0"
"20028","2029","DC-SRV","0","0","5.62749846721999E-12","0","-9.35074240260292E-12","0"
"20028","2029","DC-SRV","0","0","5.62749846721999E-12","0","-9.35074240260292E-12","0"
"20029","2029","DC-SRV","0","0","-5.88329385209363E-12","0","9.61009050115536E-12","0"
"20029","2029","DC-SRV","0","0","-5.88329385209363E-12","0","9.61009050115536E-12","0"
"20029","2030","DC-SRV","0","0","5.88329385209363E-12","0","-8.61888338477002E-12","0"
"20029","2030","DC-SRV","0","0","5.88329385209363E-12","0","-8.61888338477002E-12","0"
"20030","2030","DC-SRV","0","0","8.5265128291212E-13","0","6.76791955811495E-12","0"
"20030","2030","DC-SRV","0","0","8.5265128291212E-13","0","6.76791955811495E-12","0"
"20030","2031","DC-SRV","0","0","-8.5265128291212E-13","0","-7.32569560568663E-12","0"
"20030","2031","DC-SRV","0","0","-8.5265128291212E-13","0","-7.32569560568663E-12","0"
"20031","2031","DC-SRV","0","0","-3.01270119962282E-12","0","5.89395199313003E-12","0"
"20031","2031","DC-SRV","0","0","-3.01270119962282E-12","0","5.89395199313003E-12","0"
"20031","2032","DC-SRV","0","0","3.01270119962282E-12","0","-6.34514663033769E-12","0"
"20031","2032","DC-SRV","0","0","3.01270119962282E-12","0","-6.34514663033769E-12","0"
"20032","2032","DC-SRV","0","0","-6.96331881044898E-12","0","7.31148475097143E-12","0"
"20032","2032","DC-SRV","0","0","-6.96331881044898E-12","0","7.31148475097143E-12","0"
"20032","2033","DC-SRV","0","0","6.96331881044898E-12","0","-2.1245227799227E-12","0"
"20032","2033","DC-SRV","0","0","6.96331881044898E-12","0","-2.1245227799227E-12","0"
"20033","2033","DC-SRV","0","0","-5.54223333892878E-12","0","3.98969746129296E-12","0"
"20033","2033","DC-SRV","0","0","-5.54223333892878E-12","0","3.98969746129296E-12","0"
"20033","2034","DC-SRV","0","0","5.54223333892878E-12","0","-1.27187149701058E-12","0"
"20033","2034","DC-SRV","0","0","5.54223333892878E-12","0","-1.27187149701058E-12","0"
"20034","2034","DC-SRV","0","0","-2.8421709430404E-14","0","1.53477230924182E-12","0"
"20034","2034","DC-SRV","0","0","-2.8421709430404E-14","0","1.53477230924182E-12","0"
"20034","2035","DC-SRV","0","0","2.8421709430404E-14","0","-1.57029944602982E-12","0"
"20034","2035","DC-SRV","0","0","2.8421709430404E-14","0","-1.57029944602982E-12","0"
"20035","2035","DC-SRV","0","0","-1.4210854715202E-12","0","7.105427357601E-13","0"
"20035","2035","DC-SRV","0","0","-1.4210854715202E-12","0","7.105427357601E-13","0"
"20035","2036","DC-SRV","0","0","1.4210854715202E-12","0","0","0"
"20035","2036","DC-SRV","0","0","1.4210854715202E-12","0","0","0"
"20036","2036","DC-SRV","0","0","3.44386762759618E-12","0","0","0"
"20036","2036","DC-SRV","0","0","3.44386762759618E-12","0","0","0"
"20036","2037","DC-SRV","0","0","-3.44386762759618E-12","0","-1.72193381379809E-12","0"
"20036","2037","DC-SRV","0","0","-3.44386762759618E-12","0","-1.72193381379809E-12","0"
"20037","2037","DC-SRV","0","0","-2.82868262098173E-12","0","2.12281608307288E-12","0"
"20037","2037","DC-SRV","0","0","-2.82868262098173E-12","0","2.12281608307288E-12","0"
"20037","2038","DC-SRV","0","0","2.82868262098173E-12","0","-7.08474728536301E-13","0"
"20037","2038","DC-SRV","0","0","2.82868262098173E-12","0","-7.08474728536301E-13","0"
"20038","2038","DC-SRV","0","0","3.83771976735425E-13","0","8.65100160019235E-14","0"
"20038","2038","DC-SRV","0","0","3.83771976735425E-13","0","8.65100160019235E-14","0"
"20038","2039","DC-SRV","0","0","-3.83771976735425E-13","0","-1.13104728897582E-12","0"
"20038","2039","DC-SRV","0","0","-3.83771976735425E-13","0","-1.13104728897582E-12","0"
"20039","2039","DC-SRV","0","0","-2.07920433528772E-12","0","1.14944649122223E-12","0"
"20039","2039","DC-SRV","0","0","-2.07920433528772E-12","0","1.14944649122223E-12","0"
"20039","2040","DC-SRV","0","0","2.07920433528772E-12","0","-1.09844377788482E-13","0"
"20039","2040","DC-SRV","0","0","2.07920433528772E-12","0","-1.09844377788482E-13","0"
"20040","2040","DC-SRV","0","0","-9.0878702946242E-13","0","1.01141447647612E-12","0"
"20040","2040","DC-SRV","0","0","-9.0878702946242E-13","0","1.01141447647612E-12","0"
"20040","2041","DC-SRV","0","0","9.0878702946242E-13","0","-1.4096722514333E-12","0"
"20040","2041","DC-SRV","0","0","9.0878702946242E-13","0","-1.4096722514333E-12","0"
"20041","2041","DC-SRV","0","0","6.61184274817789E-12","0","7.73210739413253E-14","0"
"20041","2041","DC-SRV","0","0","6.61184274817789E-12","0","7.73210739413253E-14","0"
"20041","2042","DC-SRV","0","0","-6.61184274817789E-12","0","-2.47374791820503E-12","0"
"20041","2042","DC-SRV","0","0","-6.61184274817789E-12","0","-2.47374791820503E-12","0"
"20042","2042","DC-SRV","0","0","-2.53700421673324E-12","0","1.70151279134043E-12","0"
"20042","2042","DC-SRV","0","0","-2.53700421673324E-12","0","1.70151279134043E-12","0"
"20042","2043","DC-SRV","0","0","2.53700421673324E-12","0","-4.33010710078861E-13","0"
"20042","2043","DC-SRV","0","0","2.53700421673324E-12","0","-4.33010710078861E-13","0"
"20043","2043","DC-SRV","0","0","-1.79210978197043E-12","0","6.00058644808533E-13","0"
"20043","2043","DC-SRV","0","0","-1.79210978197043E-12","0","6.00058644808533E-13","0"
"20043","2044","DC-SRV","0","0","1.79210978197043E-12","0","2.95996273281737E-13","0"
"20043","2044","DC-SRV","0","0","1.79210978197043E-12","0","2.95996273281737E-13","0"
"20044","2044","DC-SRV","0","0","-5.78853433827291E-12","0","3.65383328519535E-13","0"
"20044","2044","DC-SRV","0","0","-5.78853433827291E-12","0","3.65383328519535E-13","0"
"20044","2045","DC-SRV","0","0","5.78853433827291E-12","0","1.61938905075256E-12","0"
"20044","2045","DC-SRV","0","0","5.78853433827291E-12","0","1.61938905075256E-12","0"
"20045","2045","DC-SRV","0","0","-3.76454496373545E-12","0","-3.42372099637958E-13","0"
"20045","2045","DC-SRV","0","0","-3.76454496373545E-12","0","-3.42372099637958E-13","0"
"20045","2046","DC-SRV","0","0","3.76454496373545E-12","0","1.3151498242521E-12","0"
"20045","2046","DC-SRV","0","0","3.76454496373545E-12","0","1.3151498242521E-12","0"
"20046","2046","DC-SRV","0","0","2.10587245951248E-12","0","-2.01628480350682E-12","0"
"20046","2046","DC-SRV","0","0","2.10587245951248E-12","0","-2.01628480350682E-12","0"
"20046","2047","DC-SRV","0","0","-2.10587245951248E-12","0","1.1069731921406E-13","0"
"20046","2047","DC-SRV","0","0","-2.10587245951248E-12","0","1.1069731921406E-13","0"
"20047","2047","DC-SRV","0","0","1.56847451693309E-12","0","-1.14254616103435E-12","0"
"20047","2047","DC-SRV","0","0","1.56847451693309E-12","0","-1.14254616103435E-12","0"
"20047","2048","DC-SRV","0","0","-1.56847451693309E-12","0","1.26780370598469E-12","0"
"20047","2048","DC-SRV","0","0","-1.56847451693309E-12","0","1.26780370598469E-12","0"
"20048","2048","DC-SRV","0","0","-7.3952278220428E-13","0","-4.51746387693241E-16","0"
"20048","2048","DC-SRV","0","0","-7.3952278220428E-13","0","-4.51746387693241E-16","0"
"20048","2049","DC-SRV","0","0","7.3952278220428E-13","0","1.27970781215771E-12","0"
"20048","2049","DC-SRV","0","0","7.3952278220428E-13","0","1.27970781215771E-12","0"
"20049","2049","DC-SRV","0","0","2.70411599064208E-12","0","-9.0407874600313E-13","0"
"20049","2049","DC-SRV","0","0","2.70411599064208E-12","0","-9.0407874600313E-13","0"
"20049","2050","DC-SRV","0","0","-2.70411599064208E-12","0","-4.47979245929778E-13","0"
"20049","2050","DC-SRV","0","0","-2.70411599064208E-12","0","-4.47979245929778E-13","0"
"20050","2050","DC-SRV","0","0","8.74586441137505E-13","0","7.01498267027117E-13","0"
"20050","2050","DC-SRV","0","0","8.74586441137505E-13","0","7.01498267027117E-13","0"
"20050","2051","DC-SRV","0","0","-8.74586441137505E-13","0","-1.19563496744305E-12","0"
"20050","2051","DC-SRV","0","0","-8.74586441137505E-13","0","-1.19563496744305E-12","0"
"20051","2051","DC-SRV","0","0","-3.46744855050929E-12","0","1.73372427525464E-12","0"
"20051","2051","DC-SRV","0","0","-3.46744855050929E-12","0","1.73372427525464E-12","0"
"20051","2052","DC-SRV","0","0","3.46744855050929E-12","0","0","0"
"20051","2052","DC-SRV","0","0","3.46744855050929E-12","0","0","0"
"20052","2052","DC-SRV","0","0","-2.99849034490762E-12","0","0","0"
"20052","2052","DC-SRV","0","0","-2.99849034490762E-12","0","0","0"
"20052","2053","DC-SRV","0","0","2.99849034490762E-12","0","1.49924517245381E-12","0"
"20052","2053","DC-SRV","0","0","2.99849034490762E-12","0","1.49924517245381E-12","0"
"20053","2053","DC-SRV","0","0","2.07478478841949E-12","0","-1.72661884789704E-12","0"
"20053","2053","DC-SRV","0","0","2.07478478841949E-12","0","-1.72661884789704E-12","0"
"20053","2054","DC-SRV","0","0","-2.07478478841949E-12","0","2.54374299402116E-12","0"
"20053","2054","DC-SRV","0","0","-2.07478478841949E-12","0","2.54374299402116E-12","0"
"20054","2054","DC-SRV","0","0","3.18323145620525E-12","0","-5.61328761250479E-12","0"
"20054","2054","DC-SRV","0","0","3.18323145620525E-12","0","-5.61328761250479E-12","0"
"20054","2055","DC-SRV","0","0","-3.18323145620525E-12","0","2.34479102800833E-12","0"
"20054","2055","DC-SRV","0","0","-3.18323145620525E-12","0","2.34479102800833E-12","0"
"20055","2055","DC-SRV","0","0","-2.00657268578652E-11","0","-1.12265752250096E-12","0"
"20055","2055","DC-SRV","0","0","-2.00657268578652E-11","0","-1.12265752250096E-12","0"
"20055","2056","DC-SRV","0","0","2.00657268578652E-11","0","9.36495325731812E-12","0"
"20055","2056","DC-SRV","0","0","2.00657268578652E-11","0","9.36495325731812E-12","0"
"20056","2056","DC-SRV","0","0","1.05160324892495E-11","0","-7.37543359718984E-12","0"
"20056","2056","DC-SRV","0","0","1.05160324892495E-11","0","-7.37543359718984E-12","0"
"20056","2057","DC-SRV","0","0","-1.05160324892495E-11","0","3.48165940522449E-13","0"
"20056","2057","DC-SRV","0","0","-1.05160324892495E-11","0","3.48165940522449E-13","0"
"20057","2057","DC-SRV","0","0","5.03064256918151E-12","0","-2.8101965199312E-12","0"
"20057","2057","DC-SRV","0","0","5.03064256918151E-12","0","-2.8101965199312E-12","0"
"20057","2058","DC-SRV","0","0","-5.03064256918151E-12","0","3.19744231092045E-13","0"
"20057","2058","DC-SRV","0","0","-5.03064256918151E-12","0","3.19744231092045E-13","0"
"20058","2058","DC-SRV","0","0","-2.95585778076202E-12","0","2.17426077142591E-12","0"
"20058","2058","DC-SRV","0","0","-2.95585778076202E-12","0","2.17426077142591E-12","0"
"20058","2059","DC-SRV","0","0","2.95585778076202E-12","0","1.04449782156735E-12","0"
"20058","2059","DC-SRV","0","0","2.95585778076202E-12","0","1.04449782156735E-12","0"
"20059","2059","DC-SRV","0","0","1.16529008664656E-12","0","-1.47792889038101E-12","0"
"20059","2059","DC-SRV","0","0","1.16529008664656E-12","0","-1.47792889038101E-12","0"
"20059","2060","DC-SRV","0","0","-1.16529008664656E-12","0","2.8634872251132E-12","0"
"20059","2060","DC-SRV","0","0","-1.16529008664656E-12","0","2.8634872251132E-12","0"
"20060","2060","DC-SRV","0","0","-1.03455022326671E-11","0","-2.89901436190121E-12","0"
"20060","2060","DC-SRV","0","0","-1.03455022326671E-11","0","-2.89901436190121E-12","0"
"20060","2061","DC-SRV","0","0","1.03455022326671E-11","0","8.10018718766514E-12","0"
"20060","2061","DC-SRV","0","0","1.03455022326671E-11","0","8.10018718766514E-12","0"
"20061","2061","DC-SRV","0","0","8.98126018000767E-12","0","-1.01039177025086E-11","0"
"20061","2061","DC-SRV","0","0","8.98126018000767E-12","0","-1.01039177025086E-11","0"
"20061","2062","DC-SRV","0","0","-8.98126018000767E-12","0","7.94386778579792E-12","0"
"20061","2062","DC-SRV","0","0","-8.98126018000767E-12","0","7.94386778579792E-12","0"
"20062","2062","DC-SRV","0","0","-5.62749846721999E-12","0","-6.06803496339126E-12","0"
"20062","2062","DC-SRV","0","0","-5.62749846721999E-12","0","-6.06803496339126E-12","0"
"20062","2063","DC-SRV","0","0","5.62749846721999E-12","0","8.89599505171645E-12","0"
"20062","2063","DC-SRV","0","0","5.62749846721999E-12","0","8.89599505171645E-12","0"
"20063","2063","DC-SRV","0","0","5.11590769747272E-12","0","-5.99342797613645E-12","0"
"20063","2063","DC-SRV","0","0","5.11590769747272E-12","0","-5.99342797613645E-12","0"
"20063","2064","DC-SRV","0","0","-5.11590769747272E-12","0","3.47455397786689E-12","0"
"20063","2064","DC-SRV","0","0","-5.11590769747272E-12","0","3.47455397786689E-12","0"
"20064","2064","DC-SRV","0","0","1.75077730091289E-11","0","-5.28643795405515E-12","0"
"20064","2064","DC-SRV","0","0","1.75077730091289E-11","0","-5.28643795405515E-12","0"
"20064","2065","DC-SRV","0","0","-1.75077730091289E-11","0","-1.3926637620898E-12","0"
"20064","2065","DC-SRV","0","0","-1.75077730091289E-11","0","-1.3926637620898E-12","0"
"20065","2065","DC-SRV","0","0","-9.12336872715969E-12","0","1.71240799318184E-12","0"
"20065","2065","DC-SRV","0","0","-9.12336872715969E-12","0","1.71240799318184E-12","0"
"20065","2066","DC-SRV","0","0","9.12336872715969E-12","0","1.08002495835535E-12","0"
"20065","2066","DC-SRV","0","0","9.12336872715969E-12","0","1.08002495835535E-12","0"
"20066","2066","DC-SRV","0","0","8.86757334228605E-12","0","-4.9382720135327E-13","0"
"20066","2066","DC-SRV","0","0","8.86757334228605E-12","0","-4.9382720135327E-13","0"
"20066","2067","DC-SRV","0","0","-8.86757334228605E-12","0","-3.94351218346856E-12","0"
"20066","2067","DC-SRV","0","0","-8.86757334228605E-12","0","-3.94351218346856E-12","0"
"20067","2067","DC-SRV","0","0","-5.91171556152403E-12","0","2.95585778076202E-12","0"
"20067","2067","DC-SRV","0","0","-5.91171556152403E-12","0","2.95585778076202E-12","0"
"20067","2068","DC-SRV","0","0","5.91171556152403E-12","0","0","0"
"20067","2068","DC-SRV","0","0","5.91171556152403E-12","0","0","0"
"20068","2068","DC-SRV","0","0","1.21076482173521E-11","0","0","0"
"20068","2068","DC-SRV","0","0","1.21076482173521E-11","0","0","0"
"20068","2069","DC-SRV","0","0","-1.21076482173521E-11","0","-6.05382410867605E-12","0"
"20068","2069","DC-SRV","0","0","-1.21076482173521E-11","0","-6.05382410867605E-12","0"
"20069","2069","DC-SRV","0","0","-1.76214598468505E-12","0","7.87281351222191E-12","0"
"20069","2069","DC-SRV","0","0","-1.76214598468505E-12","0","7.87281351222191E-12","0"
"20069","2070","DC-SRV","0","0","1.76214598468505E-12","0","-8.83915163285565E-12","0"
"20069","2070","DC-SRV","0","0","1.76214598468505E-12","0","-8.83915163285565E-12","0"
"20070","2070","DC-SRV","0","0","7.70228325563949E-12","0","6.15330009168247E-12","0"
"20070","2070","DC-SRV","0","0","7.70228325563949E-12","0","6.15330009168247E-12","0"
"20070","2071","DC-SRV","0","0","-7.70228325563949E-12","0","-1.00470742836478E-11","0"
"20070","2071","DC-SRV","0","0","-7.70228325563949E-12","0","-1.00470742836478E-11","0"
"20071","2071","DC-SRV","0","0","-9.66338120633736E-12","0","1.22284404824313E-11","0"
"20071","2071","DC-SRV","0","0","-9.66338120633736E-12","0","1.22284404824313E-11","0"
"20071","2072","DC-SRV","0","0","9.66338120633736E-12","0","-7.68807240092428E-12","0"
"20071","2072","DC-SRV","0","0","9.66338120633736E-12","0","-7.68807240092428E-12","0"
"20072","2072","DC-SRV","0","0","5.03064256918151E-12","0","6.97752966516418E-12","0"
"20072","2072","DC-SRV","0","0","5.03064256918151E-12","0","6.97752966516418E-12","0"
"20072","2073","DC-SRV","0","0","-5.03064256918151E-12","0","-7.70228325563949E-12","0"
"20072","2073","DC-SRV","0","0","-5.03064256918151E-12","0","-7.70228325563949E-12","0"
"20073","2073","DC-SRV","0","0","5.54223333892878E-12","0","6.4090954765561E-12","0"
"20073","2073","DC-SRV","0","0","5.54223333892878E-12","0","6.4090954765561E-12","0"
"20073","2074","DC-SRV","0","0","-5.54223333892878E-12","0","-7.30437932361383E-12","0"
"20073","2074","DC-SRV","0","0","-5.54223333892878E-12","0","-7.30437932361383E-12","0"
"20074","2074","DC-SRV","0","0","2.27373675443232E-13","0","7.42517158869305E-12","0"
"20074","2074","DC-SRV","0","0","2.27373675443232E-13","0","7.42517158869305E-12","0"
"20074","2075","DC-SRV","0","0","-2.27373675443232E-13","0","-5.85487214266323E-12","0"
"20074","2075","DC-SRV","0","0","-2.27373675443232E-13","0","-5.85487214266323E-12","0"
"20075","2075","DC-SRV","0","0","-3.32534000335727E-12","0","8.43414227347239E-12","0"
"20075","2075","DC-SRV","0","0","-3.32534000335727E-12","0","8.43414227347239E-12","0"
"20075","2076","DC-SRV","0","0","3.32534000335727E-12","0","-6.89226453687297E-12","0"
"20075","2076","DC-SRV","0","0","3.32534000335727E-12","0","-6.89226453687297E-12","0"
"20076","2076","DC-SRV","0","0","-9.66338120633736E-13","0","7.86570808486431E-12","0"
"20076","2076","DC-SRV","0","0","-9.66338120633736E-13","0","7.86570808486431E-12","0"
"20076","2077","DC-SRV","0","0","9.66338120633736E-13","0","-5.61328761250479E-12","0"
"20076","2077","DC-SRV","0","0","9.66338120633736E-13","0","-5.61328761250479E-12","0"
"20077","2077","DC-SRV","0","0","1.44098066812148E-11","0","5.13722397954552E-12","0"
"20077","2077","DC-SRV","0","0","1.44098066812148E-11","0","5.13722397954552E-12","0"
"20077","2078","DC-SRV","0","0","-1.44098066812148E-11","0","-1.06297193269711E-11","0"
"20077","2078","DC-SRV","0","0","-1.44098066812148E-11","0","-1.06297193269711E-11","0"
"20078","2078","DC-SRV","0","0","5.34328137291595E-12","0","9.13047415451729E-12","0"
"20078","2078","DC-SRV","0","0","5.34328137291595E-12","0","9.13047415451729E-12","0"
"20078","2079","DC-SRV","0","0","-5.34328137291595E-12","0","-1.19086962513393E-11","0"
"20078","2079","DC-SRV","0","0","-5.34328137291595E-12","0","-1.19086962513393E-11","0"
"20079","2079","DC-SRV","0","0","1.17950094136177E-11","0","8.78230821399484E-12","0"
"20079","2079","DC-SRV","0","0","1.17950094136177E-11","0","8.78230821399484E-12","0"
"20079","2080","DC-SRV","0","0","-1.17950094136177E-11","0","-1.46798129208037E-11","0"
"20079","2080","DC-SRV","0","0","-1.17950094136177E-11","0","-1.46798129208037E-11","0"
"20080","2080","DC-SRV","0","0","-2.8705926524708E-12","0","1.41966438604868E-11","0"
"20080","2080","DC-SRV","0","0","-2.8705926524708E-12","0","1.41966438604868E-11","0"
"20080","2081","DC-SRV","0","0","2.8705926524708E-12","0","-1.10276232589968E-11","0"
"20080","2081","DC-SRV","0","0","2.8705926524708E-12","0","-1.10276232589968E-11","0"
"20081","2081","DC-SRV","0","0","-3.21165316563565E-12","0","1.23776544569409E-11","0"
"20081","2081","DC-SRV","0","0","-3.21165316563565E-12","0","1.23776544569409E-11","0"
"20081","2082","DC-SRV","0","0","3.21165316563565E-12","0","-8.98126018000767E-12","0"
"20081","2082","DC-SRV","0","0","3.21165316563565E-12","0","-8.98126018000767E-12","0"
"20082","2082","DC-SRV","0","0","4.2632564145606E-12","0","7.16937620381941E-12","0"
"20082","2082","DC-SRV","0","0","4.2632564145606E-12","0","7.16937620381941E-12","0"
"20082","2083","DC-SRV","0","0","-4.2632564145606E-12","0","-7.53175299905706E-12","0"
"20082","2083","DC-SRV","0","0","-4.2632564145606E-12","0","-7.53175299905706E-12","0"
"20083","2083","DC-SRV","0","0","4.80326889373828E-12","0","4.81037432109588E-12","0"
"20083","2083","DC-SRV","0","0","4.80326889373828E-12","0","4.81037432109588E-12","0"
"20083","2084","DC-SRV","0","0","-4.80326889373828E-12","0","-5.42854650120717E-12","0"
"20083","2084","DC-SRV","0","0","-4.80326889373828E-12","0","-5.42854650120717E-12","0"
"20084","2084","DC-SRV","0","0","-1.81898940354586E-12","0","3.59534624294611E-12","0"
"20084","2084","DC-SRV","0","0","-1.81898940354586E-12","0","3.59534624294611E-12","0"
"20084","2085","DC-SRV","0","0","1.81898940354586E-12","0","-9.09494701772928E-13","0"
"20084","2085","DC-SRV","0","0","1.81898940354586E-12","0","-9.09494701772928E-13","0"
"20085","2085","DC-SRV","0","0","-1.73372427525464E-12","0","6.75015598972095E-13","0"
"20085","2085","DC-SRV","0","0","-1.73372427525464E-12","0","6.75015598972095E-13","0"
"20085","2086","DC-SRV","0","0","1.73372427525464E-12","0","-7.38964445190504E-13","0"
"20085","2086","DC-SRV","0","0","1.73372427525464E-12","0","-7.38964445190504E-13","0"
"20086","2086","DC-SRV","0","0","-3.12638803734444E-12","0","4.2632564145606E-14","0"
"20086","2086","DC-SRV","0","0","-3.12638803734444E-12","0","4.2632564145606E-14","0"
"20086","2087","DC-SRV","0","0","3.12638803734444E-12","0","5.96855898038484E-13","0"
"20086","2087","DC-SRV","0","0","3.12638803734444E-12","0","5.96855898038484E-13","0"
"20087","2087","DC-SRV","0","0","2.52953213930596E-12","0","-4.12114786740858E-13","0"
"20087","2087","DC-SRV","0","0","2.52953213930596E-12","0","-4.12114786740858E-13","0"
"20087","2088","DC-SRV","0","0","-2.52953213930596E-12","0","-8.81072992342524E-13","0"
"20087","2088","DC-SRV","0","0","-2.52953213930596E-12","0","-8.81072992342524E-13","0"
"30004","1004","DC-SRV","-1.65060303749728E-11","0","0","0","0","0"
"30004","1004","DC-SRV","-1.65060303749728E-11","0","0","0","0","0"
"30004","2004","DC-SRV","1.65060303749728E-11","0","0","0","0","0"
"30004","2004","DC-SRV","1.65060303749728E-11","0","0","0","0","0"
"30020","1020","DC-SRV","2.02219976874751E-11","0","0","0","0","0"
"30020","1020","DC-SRV","2.02219976874751E-11","0","0","0","0","0"
"30020","2020","DC-SRV","-2.02219976874751E-11","0","0","0","0","0"
"30020","2020","DC-SRV","-2.02219976874751E-11","0","0","0","0","0"
"30036","1036","DC-SRV","5.64193483598707E-12","0","0","0","0","0"
"30036","1036","DC-SRV","5.64193483598707E-12","0","0","0","0","0"
"30036","2036","DC-SRV","-5.64193483598707E-12","0","0","0","0","0"
"30036","2036","DC-SRV","-5.64193483598707E-12","0","0","0","0","0"
"30052","1052","DC-SRV","7.82996931181223E-13","0","0","0","0","0"
"30052","1052","DC-SRV","7.82996931181223E-13","0","0","0","0","0"
"30052","2052","DC-SRV","-7.82996931181223E-13","0","0","0","0","0"
"30052","2052","DC-SRV","-7.82996931181223E-13","0","0","0","0","0"
"30068","1068","DC-SRV","1.71549371930091E-11","0","0","0","0","0"
"30068","1068","DC-SRV","1.71549371930091E-11","0","0","0","0","0"
"30068","2068","DC-SRV","-1.71549371930091E-11","0","0","0","0","0"
"30068","2068","DC-SRV","-1.71549371930091E-11","0","0","0","0","0"
"30084","1084","DC-SRV","-7.37604671351838E-12","0","0","0","0","0"
"30084","1084","DC-SRV","-7.37604671351838E-12","0","0","0","0","0"
"30084","2084","DC-SRV","7.37604671351838E-12","0","0","0","0","0"
"30084","2084","DC-SRV","7.37604671351838E-12","0","0","0","0","0"
